Kimberlys_Original_Work,Influence_Type,New_Artist,New_Song,Weight
Timelines Converge,InStyleOf,Kimberly Snyder,Guardian of the Mountain Winds,1
Timelines Converge,InStyleOf,Michael Washington,Guardian of the Mountain Winds,1
Timelines Converge,InStyleOf,Joshua Herring,Guardian of the Mountain Winds,1
Timelines Converge,InStyleOf,Andrew Montgomery,Guardian of the Mountain Winds,1
Timelines Converge,InStyleOf,Casey Wright,Guardian of the Mountain Winds,1
Timelines Converge,InStyleOf,Sonic Renegade,Guardian of the Mountain Winds,1
Sovereign's Whisper,InterpolatesFrom,Kimberly Snyder,Guardian of the Mountain Winds,1
Sovereign's Whisper,InterpolatesFrom,Michael Washington,Guardian of the Mountain Winds,1
Sovereign's Whisper,InterpolatesFrom,Joshua Herring,Guardian of the Mountain Winds,1
Sovereign's Whisper,InterpolatesFrom,Andrew Montgomery,Guardian of the Mountain Winds,1
Sovereign's Whisper,InterpolatesFrom,Casey Wright,Guardian of the Mountain Winds,1
Sovereign's Whisper,InterpolatesFrom,Sonic Renegade,Guardian of the Mountain Winds,1
Immovable Love,LyricalReferenceTo,Kimberly Snyder,Guardian of the Mountain Winds,1
Immovable Love,LyricalReferenceTo,Michael Washington,Guardian of the Mountain Winds,1
Immovable Love,LyricalReferenceTo,Joshua Herring,Guardian of the Mountain Winds,1
Immovable Love,LyricalReferenceTo,Andrew Montgomery,Guardian of the Mountain Winds,1
Immovable Love,LyricalReferenceTo,Casey Wright,Guardian of the Mountain Winds,1
Immovable Love,LyricalReferenceTo,Sonic Renegade,Guardian of the Mountain Winds,1
Fragments of a Simple Girl,InStyleOf,Kimberly Snyder,Guardian of the Mountain Winds,1
Fragments of a Simple Girl,InStyleOf,Michael Washington,Guardian of the Mountain Winds,1
Fragments of a Simple Girl,InStyleOf,Joshua Herring,Guardian of the Mountain Winds,1
Fragments of a Simple Girl,InStyleOf,Andrew Montgomery,Guardian of the Mountain Winds,1
Fragments of a Simple Girl,InStyleOf,Casey Wright,Guardian of the Mountain Winds,1
Fragments of a Simple Girl,InStyleOf,Sonic Renegade,Guardian of the Mountain Winds,1
Shadows Between Us,InStyleOf,Kimberly Snyder,Guardian of the Mountain Winds,1
Shadows Between Us,InStyleOf,Michael Washington,Guardian of the Mountain Winds,1
Shadows Between Us,InStyleOf,Joshua Herring,Guardian of the Mountain Winds,1
Shadows Between Us,InStyleOf,Andrew Montgomery,Guardian of the Mountain Winds,1
Shadows Between Us,InStyleOf,Casey Wright,Guardian of the Mountain Winds,1
Shadows Between Us,InStyleOf,Sonic Renegade,Guardian of the Mountain Winds,1
Soft Love's First Light,CoverOf,Paula Wilson,Slumber's Burden,1
Soft Love's First Light,CoverOf,Brittany Wright,Slumber's Burden,1
Soft Love's First Light,CoverOf,Judith Hunter,Slumber's Burden,1
Soft Love's First Light,CoverOf,Rachel Wilson,Slumber's Burden,1
Soft Love's First Light,CoverOf,Phantom Resonance,Slumber's Burden,1
Fair Exchange,InterpolatesFrom,Joshua Herring,Fragments of Joy,1
Fair Exchange,InterpolatesFrom,Benjamin Lee,Fragments of Joy,1
Fair Exchange,InterpolatesFrom,Taylor Reed,Fragments of Joy,1
Fair Exchange,InterpolatesFrom,Kelly Stewart,Fragments of Joy,1
Fair Exchange,InterpolatesFrom,Tina Hobbs,Fragments of Joy,1
Fair Exchange,InterpolatesFrom,Sonic Renegade,Fragments of Joy,1
Timelines Converge,CoverOf,Joshua Herring,Fragments of Joy,1
Timelines Converge,CoverOf,Benjamin Lee,Fragments of Joy,1
Timelines Converge,CoverOf,Taylor Reed,Fragments of Joy,1
Timelines Converge,CoverOf,Kelly Stewart,Fragments of Joy,1
Timelines Converge,CoverOf,Tina Hobbs,Fragments of Joy,1
Timelines Converge,CoverOf,Sonic Renegade,Fragments of Joy,1
Echoes of a Global Generation,InterpolatesFrom,Joshua Herring,Fragments of Joy,1
Echoes of a Global Generation,InterpolatesFrom,Benjamin Lee,Fragments of Joy,1
Echoes of a Global Generation,InterpolatesFrom,Taylor Reed,Fragments of Joy,1
Echoes of a Global Generation,InterpolatesFrom,Kelly Stewart,Fragments of Joy,1
Echoes of a Global Generation,InterpolatesFrom,Tina Hobbs,Fragments of Joy,1
Echoes of a Global Generation,InterpolatesFrom,Sonic Renegade,Fragments of Joy,1
Ethereal Afterthoughts,InStyleOf,Joshua Herring,Fragments of Joy,1
Ethereal Afterthoughts,InStyleOf,Benjamin Lee,Fragments of Joy,1
Ethereal Afterthoughts,InStyleOf,Taylor Reed,Fragments of Joy,1
Ethereal Afterthoughts,InStyleOf,Kelly Stewart,Fragments of Joy,1
Ethereal Afterthoughts,InStyleOf,Tina Hobbs,Fragments of Joy,1
Ethereal Afterthoughts,InStyleOf,Sonic Renegade,Fragments of Joy,1
Tanah Kita Bangkit,DirectlySamples,Joshua Herring,Fragments of Joy,1
Tanah Kita Bangkit,DirectlySamples,Benjamin Lee,Fragments of Joy,1
Tanah Kita Bangkit,DirectlySamples,Taylor Reed,Fragments of Joy,1
Tanah Kita Bangkit,DirectlySamples,Kelly Stewart,Fragments of Joy,1
Tanah Kita Bangkit,DirectlySamples,Tina Hobbs,Fragments of Joy,1
Tanah Kita Bangkit,DirectlySamples,Sonic Renegade,Fragments of Joy,1
Carols of the Silent Night,CoverOf,Joshua Herring,Fragments of Joy,1
Carols of the Silent Night,CoverOf,Benjamin Lee,Fragments of Joy,1
Carols of the Silent Night,CoverOf,Taylor Reed,Fragments of Joy,1
Carols of the Silent Night,CoverOf,Kelly Stewart,Fragments of Joy,1
Carols of the Silent Night,CoverOf,Tina Hobbs,Fragments of Joy,1
Carols of the Silent Night,CoverOf,Sonic Renegade,Fragments of Joy,1
Soft Love's First Light,LyricalReferenceTo,Joshua Herring,Fragments of Joy,1
Soft Love's First Light,LyricalReferenceTo,Benjamin Lee,Fragments of Joy,1
Soft Love's First Light,LyricalReferenceTo,Taylor Reed,Fragments of Joy,1
Soft Love's First Light,LyricalReferenceTo,Kelly Stewart,Fragments of Joy,1
Soft Love's First Light,LyricalReferenceTo,Tina Hobbs,Fragments of Joy,1
Soft Love's First Light,LyricalReferenceTo,Sonic Renegade,Fragments of Joy,1
Scarves and Streetlight Shadows,InStyleOf,Xiulan Lin,Granite Heartbeat,1
Scarves and Streetlight Shadows,InStyleOf,Fang Yu,Granite Heartbeat,1
Scarves and Streetlight Shadows,InStyleOf,Yan Jiang,Granite Heartbeat,1
Scarves and Streetlight Shadows,InStyleOf,Min Gu,Granite Heartbeat,1
Tanah Kita Bangkit,InterpolatesFrom,Jun Lin,Rising From the Shadows,1
Tanah Kita Bangkit,InterpolatesFrom,Gang Dong,Rising From the Shadows,1
Timelines Converge,LyricalReferenceTo,Jun Lin,Rising From the Shadows,1
Timelines Converge,LyricalReferenceTo,Gang Dong,Rising From the Shadows,1
Fair Exchange,InterpolatesFrom,Na Fan,Spinning Skirts of Bavaria,1
Fair Exchange,InterpolatesFrom,Guiying Ren,Spinning Skirts of Bavaria,1
Fair Exchange,InterpolatesFrom,Xiuying Yao,Spinning Skirts of Bavaria,1
Fair Exchange,InterpolatesFrom,Wei Yuan,Spinning Skirts of Bavaria,1
Fair Exchange,InterpolatesFrom,Starseed,Spinning Skirts of Bavaria,1
Fair Exchange,InterpolatesFrom,Arco Luminoso,Spinning Skirts of Bavaria,1
Fair Exchange,LyricalReferenceTo,Steven Hobbs,Breaking the Escape Clause,1
Fair Exchange,LyricalReferenceTo,Alex Smith,Breaking the Escape Clause,1
Ethereal Afterthoughts,InterpolatesFrom,Kimberly Snyder,Stones of the Holy City,1
Scarves and Streetlight Shadows,InStyleOf,Kimberly Snyder,Stones of the Holy City,1
Scarves and Streetlight Shadows,CoverOf,Mike Robinson,Pilgrimage of Longing,1
Timelines Converge,InStyleOf,Mike Robinson,Pilgrimage of Longing,1
Tanah Kita Bangkit,LyricalReferenceTo,Mike Robinson,Pilgrimage of Longing,1
Soft Love's First Light,CoverOf,Mike Robinson,Pilgrimage of Longing,1
Maria's Obeskrivna Minnen (Maria's Unwritten Memories),InStyleOf,Min Xie,Reflected Strangers,1
Maria's Obeskrivna Minnen (Maria's Unwritten Memories),InStyleOf,Fang Gu,Reflected Strangers,1
Maria's Obeskrivna Minnen (Maria's Unwritten Memories),InStyleOf,Min Fu,Reflected Strangers,1
Maria's Obeskrivna Minnen (Maria's Unwritten Memories),InStyleOf,Yang Lu,Reflected Strangers,1
Maria's Obeskrivna Minnen (Maria's Unwritten Memories),InStyleOf,Tracy Warren,Reflected Strangers,1
Ethereal Afterthoughts,InterpolatesFrom,Keith Larsen,Requiem for a Fading Self,1
Tanah Kita Bangkit,LyricalReferenceTo,Keith Larsen,Requiem for a Fading Self,1
Scarves and Streetlight Shadows,InterpolatesFrom,Keith Larsen,Requiem for a Fading Self,1
Timelines Converge,InStyleOf,Kimberly Snyder,Tanah Kita Bangkit,1
Timelines Converge,InStyleOf,Joshua Herring,Tanah Kita Bangkit,1
Timelines Converge,InStyleOf,Gerald Mullins,Tanah Kita Bangkit,1
Timelines Converge,InStyleOf,Kelly Stewart,Tanah Kita Bangkit,1
Timelines Converge,InStyleOf,Fang Lin,Tanah Kita Bangkit,1
Timelines Converge,InStyleOf,Mike Robinson,Tanah Kita Bangkit,1
Timelines Converge,InStyleOf,Sheri Brooks,Tanah Kita Bangkit,1
Timelines Converge,InStyleOf,Rachel Jackson,Tanah Kita Bangkit,1
Timelines Converge,InStyleOf,David Stewart,Tanah Kita Bangkit,1
Timelines Converge,InStyleOf,John Anderson,Tanah Kita Bangkit,1
Timelines Converge,InStyleOf,Sonic Renegade,Tanah Kita Bangkit,1
Soft Love's First Light,LyricalReferenceTo,Kimberly Snyder,Radiant Silhouette,1
Soft Love's First Light,LyricalReferenceTo,Joshua Herring,Radiant Silhouette,1
Soft Love's First Light,LyricalReferenceTo,Rachel Jackson,Radiant Silhouette,1
Soft Love's First Light,LyricalReferenceTo,Laura Lindsey,Radiant Silhouette,1
Soft Love's First Light,LyricalReferenceTo,Sarah Young,Radiant Silhouette,1
Soft Love's First Light,LyricalReferenceTo,Nancy Gonzalez,Radiant Silhouette,1
Soft Love's First Light,LyricalReferenceTo,Valerie Phillips,Radiant Silhouette,1
Soft Love's First Light,LyricalReferenceTo,John Gallagher,Radiant Silhouette,1
Soft Love's First Light,LyricalReferenceTo,Denise White,Radiant Silhouette,1
Soft Love's First Light,LyricalReferenceTo,Cody Turner,Radiant Silhouette,1
Soft Love's First Light,LyricalReferenceTo,Sarah Lee,Radiant Silhouette,1
Soft Love's First Light,LyricalReferenceTo,Twilight Riders,Radiant Silhouette,1
Beethoven's Unheard Conversation,InterpolatesFrom,Kimberly Snyder,Radiant Silhouette,1
Beethoven's Unheard Conversation,InterpolatesFrom,Joshua Herring,Radiant Silhouette,1
Beethoven's Unheard Conversation,InterpolatesFrom,Rachel Jackson,Radiant Silhouette,1
Beethoven's Unheard Conversation,InterpolatesFrom,Laura Lindsey,Radiant Silhouette,1
Beethoven's Unheard Conversation,InterpolatesFrom,Sarah Young,Radiant Silhouette,1
Beethoven's Unheard Conversation,InterpolatesFrom,Nancy Gonzalez,Radiant Silhouette,1
Beethoven's Unheard Conversation,InterpolatesFrom,Valerie Phillips,Radiant Silhouette,1
Beethoven's Unheard Conversation,InterpolatesFrom,John Gallagher,Radiant Silhouette,1
Beethoven's Unheard Conversation,InterpolatesFrom,Denise White,Radiant Silhouette,1
Beethoven's Unheard Conversation,InterpolatesFrom,Cody Turner,Radiant Silhouette,1
Beethoven's Unheard Conversation,InterpolatesFrom,Sarah Lee,Radiant Silhouette,1
Beethoven's Unheard Conversation,InterpolatesFrom,Twilight Riders,Radiant Silhouette,1
Carols of the Silent Night,InStyleOf,Kimberly Snyder,Radiant Silhouette,1
Carols of the Silent Night,InStyleOf,Joshua Herring,Radiant Silhouette,1
Carols of the Silent Night,InStyleOf,Rachel Jackson,Radiant Silhouette,1
Carols of the Silent Night,InStyleOf,Laura Lindsey,Radiant Silhouette,1
Carols of the Silent Night,InStyleOf,Sarah Young,Radiant Silhouette,1
Carols of the Silent Night,InStyleOf,Nancy Gonzalez,Radiant Silhouette,1
Carols of the Silent Night,InStyleOf,Valerie Phillips,Radiant Silhouette,1
Carols of the Silent Night,InStyleOf,John Gallagher,Radiant Silhouette,1
Carols of the Silent Night,InStyleOf,Denise White,Radiant Silhouette,1
Carols of the Silent Night,InStyleOf,Cody Turner,Radiant Silhouette,1
Carols of the Silent Night,InStyleOf,Sarah Lee,Radiant Silhouette,1
Carols of the Silent Night,InStyleOf,Twilight Riders,Radiant Silhouette,1
"Silent Hooves, Whispering Forest",LyricalReferenceTo,Kimberly Snyder,Radiant Silhouette,1
"Silent Hooves, Whispering Forest",LyricalReferenceTo,Joshua Herring,Radiant Silhouette,1
"Silent Hooves, Whispering Forest",LyricalReferenceTo,Rachel Jackson,Radiant Silhouette,1
"Silent Hooves, Whispering Forest",LyricalReferenceTo,Laura Lindsey,Radiant Silhouette,1
"Silent Hooves, Whispering Forest",LyricalReferenceTo,Sarah Young,Radiant Silhouette,1
"Silent Hooves, Whispering Forest",LyricalReferenceTo,Nancy Gonzalez,Radiant Silhouette,1
"Silent Hooves, Whispering Forest",LyricalReferenceTo,Valerie Phillips,Radiant Silhouette,1
"Silent Hooves, Whispering Forest",LyricalReferenceTo,John Gallagher,Radiant Silhouette,1
"Silent Hooves, Whispering Forest",LyricalReferenceTo,Denise White,Radiant Silhouette,1
"Silent Hooves, Whispering Forest",LyricalReferenceTo,Cody Turner,Radiant Silhouette,1
"Silent Hooves, Whispering Forest",LyricalReferenceTo,Sarah Lee,Radiant Silhouette,1
"Silent Hooves, Whispering Forest",LyricalReferenceTo,Twilight Riders,Radiant Silhouette,1
Fair Exchange,LyricalReferenceTo,Kimberly Snyder,Immovable Love,1
Fair Exchange,LyricalReferenceTo,Gerald Mullins,Immovable Love,1
Fair Exchange,LyricalReferenceTo,Andrew Montgomery,Immovable Love,1
Fair Exchange,LyricalReferenceTo,Kelly Stewart,Immovable Love,1
Fair Exchange,LyricalReferenceTo,Erica Walton,Immovable Love,1
Fair Exchange,LyricalReferenceTo,Matthew Yoder,Immovable Love,1
Fair Exchange,LyricalReferenceTo,Sonic Renegade,Immovable Love,1
Fair Exchange,LyricalReferenceTo,Liquid Prism,Immovable Love,1
Timelines Converge,InStyleOf,Kimberly Snyder,Immovable Love,1
Timelines Converge,InStyleOf,Gerald Mullins,Immovable Love,1
Timelines Converge,InStyleOf,Andrew Montgomery,Immovable Love,1
Timelines Converge,InStyleOf,Kelly Stewart,Immovable Love,1
Timelines Converge,InStyleOf,Erica Walton,Immovable Love,1
Timelines Converge,InStyleOf,Matthew Yoder,Immovable Love,1
Timelines Converge,InStyleOf,Sonic Renegade,Immovable Love,1
Timelines Converge,InStyleOf,Liquid Prism,Immovable Love,1
Scarves and Streetlight Shadows,CoverOf,Kimberly Snyder,Immovable Love,1
Scarves and Streetlight Shadows,CoverOf,Gerald Mullins,Immovable Love,1
Scarves and Streetlight Shadows,CoverOf,Andrew Montgomery,Immovable Love,1
Scarves and Streetlight Shadows,CoverOf,Kelly Stewart,Immovable Love,1
Scarves and Streetlight Shadows,CoverOf,Erica Walton,Immovable Love,1
Scarves and Streetlight Shadows,CoverOf,Matthew Yoder,Immovable Love,1
Scarves and Streetlight Shadows,CoverOf,Sonic Renegade,Immovable Love,1
Scarves and Streetlight Shadows,CoverOf,Liquid Prism,Immovable Love,1
Ethereal Afterthoughts,InterpolatesFrom,Kimberly Snyder,Immovable Love,1
Ethereal Afterthoughts,InterpolatesFrom,Gerald Mullins,Immovable Love,1
Ethereal Afterthoughts,InterpolatesFrom,Andrew Montgomery,Immovable Love,1
Ethereal Afterthoughts,InterpolatesFrom,Kelly Stewart,Immovable Love,1
Ethereal Afterthoughts,InterpolatesFrom,Erica Walton,Immovable Love,1
Ethereal Afterthoughts,InterpolatesFrom,Matthew Yoder,Immovable Love,1
Ethereal Afterthoughts,InterpolatesFrom,Sonic Renegade,Immovable Love,1
Ethereal Afterthoughts,InterpolatesFrom,Liquid Prism,Immovable Love,1
Timelines Converge,CoverOf,Kimberly Snyder,Ethereal Afterthoughts,1
Timelines Converge,CoverOf,Joshua Herring,Ethereal Afterthoughts,1
Timelines Converge,CoverOf,Gerald Mullins,Ethereal Afterthoughts,1
Timelines Converge,CoverOf,Erica Walton,Ethereal Afterthoughts,1
Timelines Converge,CoverOf,Matthew Yoder,Ethereal Afterthoughts,1
Timelines Converge,CoverOf,Nichole Martinez,Ethereal Afterthoughts,1
Timelines Converge,CoverOf,Sonic Renegade,Ethereal Afterthoughts,1
Fair Exchange,InterpolatesFrom,Catalina Borja Barbero,Symphonic Ecosystem,1
Fair Exchange,InterpolatesFrom,Graciana Sacristán Saura,Symphonic Ecosystem,1
Fair Exchange,InterpolatesFrom,Rosenda Reyes Salazar,Symphonic Ecosystem,1
Beethoven's Unheard Conversation,LyricalReferenceTo,Catalina Borja Barbero,Symphonic Ecosystem,1
Beethoven's Unheard Conversation,LyricalReferenceTo,Graciana Sacristán Saura,Symphonic Ecosystem,1
Beethoven's Unheard Conversation,LyricalReferenceTo,Rosenda Reyes Salazar,Symphonic Ecosystem,1
Soft Love's First Light,InterpolatesFrom,Catalina Borja Barbero,Symphonic Ecosystem,1
Soft Love's First Light,InterpolatesFrom,Graciana Sacristán Saura,Symphonic Ecosystem,1
Soft Love's First Light,InterpolatesFrom,Rosenda Reyes Salazar,Symphonic Ecosystem,1
Timelines Converge,LyricalReferenceTo,Kimberly Snyder,Carols of the Silent Night,1
Timelines Converge,LyricalReferenceTo,Gerald Mullins,Carols of the Silent Night,1
Timelines Converge,LyricalReferenceTo,Thomas Weber,Carols of the Silent Night,1
Timelines Converge,LyricalReferenceTo,Rachel Jackson,Carols of the Silent Night,1
Timelines Converge,LyricalReferenceTo,John Anderson,Carols of the Silent Night,1
Timelines Converge,LyricalReferenceTo,Colleen Velazquez,Carols of the Silent Night,1
Timelines Converge,LyricalReferenceTo,Jeffrey Munoz PhD,Carols of the Silent Night,1
Timelines Converge,LyricalReferenceTo,Amber Bates,Carols of the Silent Night,1
Timelines Converge,LyricalReferenceTo,Thomas Salinas,Carols of the Silent Night,1
Timelines Converge,LyricalReferenceTo,Robert Garcia,Carols of the Silent Night,1
Timelines Converge,LyricalReferenceTo,Cody Patterson,Carols of the Silent Night,1
Timelines Converge,LyricalReferenceTo,Ryan Austin,Carols of the Silent Night,1
Timelines Converge,LyricalReferenceTo,Sonic Renegade,Carols of the Silent Night,1
Timelines Converge,LyricalReferenceTo,Luminous Fracture,Carols of the Silent Night,1
Timelines Converge,CoverOf,Jing Ren,Whispers of Innocence,1
Timelines Converge,CoverOf,Ping Mao,Whispers of Innocence,1
Timelines Converge,CoverOf,Tao Yan,Whispers of Innocence,1
Fair Exchange,InStyleOf,Helmtrud Mälzer-Paffrath,Quick Change,1
Carols of the Silent Night,InterpolatesFrom,Kimberly Snyder,"Silent Hooves, Whispering Forest",1
Carols of the Silent Night,InterpolatesFrom,Angelina Sölzer,"Silent Hooves, Whispering Forest",1
Carols of the Silent Night,InterpolatesFrom,Liquid Vortex,"Silent Hooves, Whispering Forest",1
Timelines Converge,DirectlySamples,Kimberly Snyder,"Silent Hooves, Whispering Forest",1
Timelines Converge,DirectlySamples,Angelina Sölzer,"Silent Hooves, Whispering Forest",1
Timelines Converge,DirectlySamples,Liquid Vortex,"Silent Hooves, Whispering Forest",1
Tanah Kita Bangkit,LyricalReferenceTo,Kimberly Snyder,"Silent Hooves, Whispering Forest",1
Tanah Kita Bangkit,LyricalReferenceTo,Angelina Sölzer,"Silent Hooves, Whispering Forest",1
Tanah Kita Bangkit,LyricalReferenceTo,Liquid Vortex,"Silent Hooves, Whispering Forest",1
Carols of the Silent Night,LyricalReferenceTo,Kimberly Snyder,Maria's Obeskrivna Minnen (Maria's Unwritten Memories),1
Carols of the Silent Night,LyricalReferenceTo,Mike Robinson,Maria's Obeskrivna Minnen (Maria's Unwritten Memories),1
Carols of the Silent Night,LyricalReferenceTo,Rachel Jackson,Maria's Obeskrivna Minnen (Maria's Unwritten Memories),1
Carols of the Silent Night,LyricalReferenceTo,John Anderson,Maria's Obeskrivna Minnen (Maria's Unwritten Memories),1
Carols of the Silent Night,LyricalReferenceTo,Robert Garcia,Maria's Obeskrivna Minnen (Maria's Unwritten Memories),1
Carols of the Silent Night,LyricalReferenceTo,Ryan Austin,Maria's Obeskrivna Minnen (Maria's Unwritten Memories),1
Carols of the Silent Night,LyricalReferenceTo,Adam Arnold,Maria's Obeskrivna Minnen (Maria's Unwritten Memories),1
Carols of the Silent Night,LyricalReferenceTo,Carlos Townsend,Maria's Obeskrivna Minnen (Maria's Unwritten Memories),1
Carols of the Silent Night,LyricalReferenceTo,Norma Huff,Maria's Obeskrivna Minnen (Maria's Unwritten Memories),1
Carols of the Silent Night,LyricalReferenceTo,Luminous Fracture,Maria's Obeskrivna Minnen (Maria's Unwritten Memories),1
Timelines Converge,CoverOf,Kimberly Snyder,Maria's Obeskrivna Minnen (Maria's Unwritten Memories),1
Timelines Converge,CoverOf,Mike Robinson,Maria's Obeskrivna Minnen (Maria's Unwritten Memories),1
Timelines Converge,CoverOf,Rachel Jackson,Maria's Obeskrivna Minnen (Maria's Unwritten Memories),1
Timelines Converge,CoverOf,John Anderson,Maria's Obeskrivna Minnen (Maria's Unwritten Memories),1
Timelines Converge,CoverOf,Robert Garcia,Maria's Obeskrivna Minnen (Maria's Unwritten Memories),1
Timelines Converge,CoverOf,Ryan Austin,Maria's Obeskrivna Minnen (Maria's Unwritten Memories),1
Timelines Converge,CoverOf,Adam Arnold,Maria's Obeskrivna Minnen (Maria's Unwritten Memories),1
Timelines Converge,CoverOf,Carlos Townsend,Maria's Obeskrivna Minnen (Maria's Unwritten Memories),1
Timelines Converge,CoverOf,Norma Huff,Maria's Obeskrivna Minnen (Maria's Unwritten Memories),1
Timelines Converge,CoverOf,Luminous Fracture,Maria's Obeskrivna Minnen (Maria's Unwritten Memories),1
Soft Love's First Light,LyricalReferenceTo,Rachel Jackson,Second String Soul,1
Soft Love's First Light,LyricalReferenceTo,Roy Tschentscher,Second String Soul,1
Soft Love's First Light,LyricalReferenceTo,Karl-August Beyer,Second String Soul,1
Soft Love's First Light,LyricalReferenceTo,Angelina Sölzer,Second String Soul,1
Soft Love's First Light,LyricalReferenceTo,Kristina Romero,Second String Soul,1
Soft Love's First Light,LyricalReferenceTo,Amanda Tucker,Second String Soul,1
Carols of the Silent Night,CoverOf,Rachel Jackson,Second String Soul,1
Carols of the Silent Night,CoverOf,Roy Tschentscher,Second String Soul,1
Carols of the Silent Night,CoverOf,Karl-August Beyer,Second String Soul,1
Carols of the Silent Night,CoverOf,Angelina Sölzer,Second String Soul,1
Carols of the Silent Night,CoverOf,Kristina Romero,Second String Soul,1
Carols of the Silent Night,CoverOf,Amanda Tucker,Second String Soul,1
Carols of the Silent Night,CoverOf,Kimberly Snyder,Beethoven's Unheard Conversation,1
Carols of the Silent Night,CoverOf,Gerald Mullins,Beethoven's Unheard Conversation,1
Carols of the Silent Night,CoverOf,Kelly Stewart,Beethoven's Unheard Conversation,1
Carols of the Silent Night,CoverOf,Rachel Jackson,Beethoven's Unheard Conversation,1
Carols of the Silent Night,CoverOf,Jason Jordan,Beethoven's Unheard Conversation,1
Carols of the Silent Night,CoverOf,Denise White,Beethoven's Unheard Conversation,1
Carols of the Silent Night,CoverOf,Roy Tschentscher,Beethoven's Unheard Conversation,1
Carols of the Silent Night,CoverOf,Brandon Griffith,Beethoven's Unheard Conversation,1
Carols of the Silent Night,CoverOf,Sonic Renegade,Beethoven's Unheard Conversation,1
Carols of the Silent Night,CoverOf,Twilight Riders,Beethoven's Unheard Conversation,1
Soft Love's First Light,InStyleOf,Kimberly Snyder,Beethoven's Unheard Conversation,1
Soft Love's First Light,InStyleOf,Gerald Mullins,Beethoven's Unheard Conversation,1
Soft Love's First Light,InStyleOf,Kelly Stewart,Beethoven's Unheard Conversation,1
Soft Love's First Light,InStyleOf,Rachel Jackson,Beethoven's Unheard Conversation,1
Soft Love's First Light,InStyleOf,Jason Jordan,Beethoven's Unheard Conversation,1
Soft Love's First Light,InStyleOf,Denise White,Beethoven's Unheard Conversation,1
Soft Love's First Light,InStyleOf,Roy Tschentscher,Beethoven's Unheard Conversation,1
Soft Love's First Light,InStyleOf,Brandon Griffith,Beethoven's Unheard Conversation,1
Soft Love's First Light,InStyleOf,Sonic Renegade,Beethoven's Unheard Conversation,1
Soft Love's First Light,InStyleOf,Twilight Riders,Beethoven's Unheard Conversation,1
Tanah Kita Bangkit,CoverOf,Kimberly Snyder,Beethoven's Unheard Conversation,1
Tanah Kita Bangkit,CoverOf,Gerald Mullins,Beethoven's Unheard Conversation,1
Tanah Kita Bangkit,CoverOf,Kelly Stewart,Beethoven's Unheard Conversation,1
Tanah Kita Bangkit,CoverOf,Rachel Jackson,Beethoven's Unheard Conversation,1
Tanah Kita Bangkit,CoverOf,Jason Jordan,Beethoven's Unheard Conversation,1
Tanah Kita Bangkit,CoverOf,Denise White,Beethoven's Unheard Conversation,1
Tanah Kita Bangkit,CoverOf,Roy Tschentscher,Beethoven's Unheard Conversation,1
Tanah Kita Bangkit,CoverOf,Brandon Griffith,Beethoven's Unheard Conversation,1
Tanah Kita Bangkit,CoverOf,Sonic Renegade,Beethoven's Unheard Conversation,1
Tanah Kita Bangkit,CoverOf,Twilight Riders,Beethoven's Unheard Conversation,1
Fair Exchange,CoverOf,Lindsay Williams,The Drover's Lament,1
Fair Exchange,CoverOf,Vanessa King,The Drover's Lament,1
Fair Exchange,CoverOf,Emily Nash,The Drover's Lament,1
Ethereal Afterthoughts,InStyleOf,Kimberly Snyder,Sovereign's Whisper,1
Ethereal Afterthoughts,InStyleOf,Joshua Herring,Sovereign's Whisper,1
Ethereal Afterthoughts,InStyleOf,Gerald Mullins,Sovereign's Whisper,1
Ethereal Afterthoughts,InStyleOf,Kelly Stewart,Sovereign's Whisper,1
Ethereal Afterthoughts,InStyleOf,Erica Walton,Sovereign's Whisper,1
Ethereal Afterthoughts,InStyleOf,Matthew Yoder,Sovereign's Whisper,1
Ethereal Afterthoughts,InStyleOf,Colleen Frank PhD,Sovereign's Whisper,1
Ethereal Afterthoughts,InStyleOf,Sonic Renegade,Sovereign's Whisper,1
Ethereal Afterthoughts,InStyleOf,Liquid Prism,Sovereign's Whisper,1
Stones of the Holy City,InStyleOf,Kimberly Snyder,Sovereign's Whisper,1
Stones of the Holy City,InStyleOf,Joshua Herring,Sovereign's Whisper,1
Stones of the Holy City,InStyleOf,Gerald Mullins,Sovereign's Whisper,1
Stones of the Holy City,InStyleOf,Kelly Stewart,Sovereign's Whisper,1
Stones of the Holy City,InStyleOf,Erica Walton,Sovereign's Whisper,1
Stones of the Holy City,InStyleOf,Matthew Yoder,Sovereign's Whisper,1
Stones of the Holy City,InStyleOf,Colleen Frank PhD,Sovereign's Whisper,1
Stones of the Holy City,InStyleOf,Sonic Renegade,Sovereign's Whisper,1
Stones of the Holy City,InStyleOf,Liquid Prism,Sovereign's Whisper,1
Timelines Converge,LyricalReferenceTo,Kimberly Snyder,Sovereign's Whisper,1
Timelines Converge,LyricalReferenceTo,Joshua Herring,Sovereign's Whisper,1
Timelines Converge,LyricalReferenceTo,Gerald Mullins,Sovereign's Whisper,1
Timelines Converge,LyricalReferenceTo,Kelly Stewart,Sovereign's Whisper,1
Timelines Converge,LyricalReferenceTo,Erica Walton,Sovereign's Whisper,1
Timelines Converge,LyricalReferenceTo,Matthew Yoder,Sovereign's Whisper,1
Timelines Converge,LyricalReferenceTo,Colleen Frank PhD,Sovereign's Whisper,1
Timelines Converge,LyricalReferenceTo,Sonic Renegade,Sovereign's Whisper,1
Timelines Converge,LyricalReferenceTo,Liquid Prism,Sovereign's Whisper,1
Scarves and Streetlight Shadows,LyricalReferenceTo,Kimberly Snyder,Sovereign's Whisper,1
Scarves and Streetlight Shadows,LyricalReferenceTo,Joshua Herring,Sovereign's Whisper,1
Scarves and Streetlight Shadows,LyricalReferenceTo,Gerald Mullins,Sovereign's Whisper,1
Scarves and Streetlight Shadows,LyricalReferenceTo,Kelly Stewart,Sovereign's Whisper,1
Scarves and Streetlight Shadows,LyricalReferenceTo,Erica Walton,Sovereign's Whisper,1
Scarves and Streetlight Shadows,LyricalReferenceTo,Matthew Yoder,Sovereign's Whisper,1
Scarves and Streetlight Shadows,LyricalReferenceTo,Colleen Frank PhD,Sovereign's Whisper,1
Scarves and Streetlight Shadows,LyricalReferenceTo,Sonic Renegade,Sovereign's Whisper,1
Scarves and Streetlight Shadows,LyricalReferenceTo,Liquid Prism,Sovereign's Whisper,1
Timelines Converge,InStyleOf,Kimberly Snyder,Childhood Memories Never Fade,1
Timelines Converge,InStyleOf,Gerald Mullins,Childhood Memories Never Fade,1
Timelines Converge,InStyleOf,Tina Hobbs,Childhood Memories Never Fade,1
Timelines Converge,InStyleOf,Hubert Oderwald,Childhood Memories Never Fade,1
Timelines Converge,InStyleOf,Annelise Berger,Childhood Memories Never Fade,1
Timelines Converge,InStyleOf,Alfonso Bähr,Childhood Memories Never Fade,1
Timelines Converge,InStyleOf,Lilo Christoph,Childhood Memories Never Fade,1
Carols of the Silent Night,InStyleOf,Kimberly Snyder,Echoes of a Global Generation,1
Carols of the Silent Night,InStyleOf,Gerald Mullins,Echoes of a Global Generation,1
Carols of the Silent Night,InStyleOf,Gregory Reeves,Echoes of a Global Generation,1
Carols of the Silent Night,InStyleOf,Cory Wall,Echoes of a Global Generation,1
Carols of the Silent Night,InStyleOf,Sonic Renegade,Echoes of a Global Generation,1
Timelines Converge,InStyleOf,Kimberly Snyder,Echoes of a Global Generation,1
Timelines Converge,InStyleOf,Gerald Mullins,Echoes of a Global Generation,1
Timelines Converge,InStyleOf,Gregory Reeves,Echoes of a Global Generation,1
Timelines Converge,InStyleOf,Cory Wall,Echoes of a Global Generation,1
Timelines Converge,InStyleOf,Sonic Renegade,Echoes of a Global Generation,1
Fair Exchange,InterpolatesFrom,Kimberly Snyder,Echoes of a Global Generation,1
Fair Exchange,InterpolatesFrom,Gerald Mullins,Echoes of a Global Generation,1
Fair Exchange,InterpolatesFrom,Gregory Reeves,Echoes of a Global Generation,1
Fair Exchange,InterpolatesFrom,Cory Wall,Echoes of a Global Generation,1
Fair Exchange,InterpolatesFrom,Sonic Renegade,Echoes of a Global Generation,1
Tanah Kita Bangkit,LyricalReferenceTo,Kimberly Snyder,Echoes of a Global Generation,1
Tanah Kita Bangkit,LyricalReferenceTo,Gerald Mullins,Echoes of a Global Generation,1
Tanah Kita Bangkit,LyricalReferenceTo,Gregory Reeves,Echoes of a Global Generation,1
Tanah Kita Bangkit,LyricalReferenceTo,Cory Wall,Echoes of a Global Generation,1
Tanah Kita Bangkit,LyricalReferenceTo,Sonic Renegade,Echoes of a Global Generation,1
Timelines Converge,CoverOf,Kimberly Snyder,Soft Love's First Light,1
Timelines Converge,CoverOf,Kelly Stewart,Soft Love's First Light,1
Timelines Converge,CoverOf,Rachel Jackson,Soft Love's First Light,1
Timelines Converge,CoverOf,John Anderson,Soft Love's First Light,1
Timelines Converge,CoverOf,Jason Jordan,Soft Love's First Light,1
Timelines Converge,CoverOf,Denise White,Soft Love's First Light,1
Timelines Converge,CoverOf,Roy Tschentscher,Soft Love's First Light,1
Timelines Converge,CoverOf,Karl-August Beyer,Soft Love's First Light,1
Timelines Converge,CoverOf,Angelina Sölzer,Soft Love's First Light,1
Timelines Converge,CoverOf,Hinrich Weimer,Soft Love's First Light,1
Timelines Converge,CoverOf,Liquid Vortex,Soft Love's First Light,1
Timelines Converge,CoverOf,Twilight Riders,Soft Love's First Light,1
Carols of the Silent Night,InterpolatesFrom,Kimberly Snyder,Soft Love's First Light,1
Carols of the Silent Night,InterpolatesFrom,Kelly Stewart,Soft Love's First Light,1
Carols of the Silent Night,InterpolatesFrom,Rachel Jackson,Soft Love's First Light,1
Carols of the Silent Night,InterpolatesFrom,John Anderson,Soft Love's First Light,1
Carols of the Silent Night,InterpolatesFrom,Jason Jordan,Soft Love's First Light,1
Carols of the Silent Night,InterpolatesFrom,Denise White,Soft Love's First Light,1
Carols of the Silent Night,InterpolatesFrom,Roy Tschentscher,Soft Love's First Light,1
Carols of the Silent Night,InterpolatesFrom,Karl-August Beyer,Soft Love's First Light,1
Carols of the Silent Night,InterpolatesFrom,Angelina Sölzer,Soft Love's First Light,1
Carols of the Silent Night,InterpolatesFrom,Hinrich Weimer,Soft Love's First Light,1
Carols of the Silent Night,InterpolatesFrom,Liquid Vortex,Soft Love's First Light,1
Carols of the Silent Night,InterpolatesFrom,Twilight Riders,Soft Love's First Light,1
Tanah Kita Bangkit,DirectlySamples,Kimberly Snyder,Soft Love's First Light,1
Tanah Kita Bangkit,DirectlySamples,Kelly Stewart,Soft Love's First Light,1
Tanah Kita Bangkit,DirectlySamples,Rachel Jackson,Soft Love's First Light,1
Tanah Kita Bangkit,DirectlySamples,John Anderson,Soft Love's First Light,1
Tanah Kita Bangkit,DirectlySamples,Jason Jordan,Soft Love's First Light,1
Tanah Kita Bangkit,DirectlySamples,Denise White,Soft Love's First Light,1
Tanah Kita Bangkit,DirectlySamples,Roy Tschentscher,Soft Love's First Light,1
Tanah Kita Bangkit,DirectlySamples,Karl-August Beyer,Soft Love's First Light,1
Tanah Kita Bangkit,DirectlySamples,Angelina Sölzer,Soft Love's First Light,1
Tanah Kita Bangkit,DirectlySamples,Hinrich Weimer,Soft Love's First Light,1
Tanah Kita Bangkit,DirectlySamples,Liquid Vortex,Soft Love's First Light,1
Tanah Kita Bangkit,DirectlySamples,Twilight Riders,Soft Love's First Light,1
Soft Love's First Light,InStyleOf,Kimberly Snyder,Shadows Between Us,1
Soft Love's First Light,InStyleOf,Joshua Herring,Shadows Between Us,1
Soft Love's First Light,InStyleOf,Gerald Mullins,Shadows Between Us,1
Soft Love's First Light,InStyleOf,Erica Walton,Shadows Between Us,1
Soft Love's First Light,InStyleOf,Matthew Yoder,Shadows Between Us,1
Soft Love's First Light,InStyleOf,Sonic Renegade,Shadows Between Us,1
Soft Love's First Light,InStyleOf,Liquid Prism,Shadows Between Us,1
Ethereal Afterthoughts,CoverOf,Kimberly Snyder,Shadows Between Us,1
Ethereal Afterthoughts,CoverOf,Joshua Herring,Shadows Between Us,1
Ethereal Afterthoughts,CoverOf,Gerald Mullins,Shadows Between Us,1
Ethereal Afterthoughts,CoverOf,Erica Walton,Shadows Between Us,1
Ethereal Afterthoughts,CoverOf,Matthew Yoder,Shadows Between Us,1
Ethereal Afterthoughts,CoverOf,Sonic Renegade,Shadows Between Us,1
Ethereal Afterthoughts,CoverOf,Liquid Prism,Shadows Between Us,1
Timelines Converge,InStyleOf,Kimberly Snyder,Shadows Between Us,1
Timelines Converge,InStyleOf,Joshua Herring,Shadows Between Us,1
Timelines Converge,InStyleOf,Gerald Mullins,Shadows Between Us,1
Timelines Converge,InStyleOf,Erica Walton,Shadows Between Us,1
Timelines Converge,InStyleOf,Matthew Yoder,Shadows Between Us,1
Timelines Converge,InStyleOf,Sonic Renegade,Shadows Between Us,1
Timelines Converge,InStyleOf,Liquid Prism,Shadows Between Us,1
Maria's Obeskrivna Minnen (Maria's Unwritten Memories),InStyleOf,Chao Yu,"Empty Ballrooms, Weary Hearts",1
Maria's Obeskrivna Minnen (Maria's Unwritten Memories),InStyleOf,Fang Xiao,"Empty Ballrooms, Weary Hearts",1
Maria's Obeskrivna Minnen (Maria's Unwritten Memories),InStyleOf,Steven Smith,"Empty Ballrooms, Weary Hearts",1
Maria's Obeskrivna Minnen (Maria's Unwritten Memories),InStyleOf,Wei Luo,"Empty Ballrooms, Weary Hearts",1
Maria's Obeskrivna Minnen (Maria's Unwritten Memories),InStyleOf,Yan Yang,"Empty Ballrooms, Weary Hearts",1
Maria's Obeskrivna Minnen (Maria's Unwritten Memories),InStyleOf,Jie Xie,"Empty Ballrooms, Weary Hearts",1
Maria's Obeskrivna Minnen (Maria's Unwritten Memories),InStyleOf,Lei Bai,"Empty Ballrooms, Weary Hearts",1
Maria's Obeskrivna Minnen (Maria's Unwritten Memories),InStyleOf,Brittany Holmes,"Empty Ballrooms, Weary Hearts",1
Maria's Obeskrivna Minnen (Maria's Unwritten Memories),InStyleOf,Yan Fu,"Empty Ballrooms, Weary Hearts",1
Maria's Obeskrivna Minnen (Maria's Unwritten Memories),InStyleOf,Xia Liang,"Empty Ballrooms, Weary Hearts",1
Soft Love's First Light,InterpolatesFrom,Joshua Herring,Partner or Pretender,1
Soft Love's First Light,InterpolatesFrom,Gerald Mullins,Partner or Pretender,1
Soft Love's First Light,InterpolatesFrom,Cory Wall,Partner or Pretender,1
Soft Love's First Light,InterpolatesFrom,Hinrich Weimer,Partner or Pretender,1
Ethereal Afterthoughts,DirectlySamples,Joshua Herring,Partner or Pretender,1
Ethereal Afterthoughts,DirectlySamples,Gerald Mullins,Partner or Pretender,1
Ethereal Afterthoughts,DirectlySamples,Cory Wall,Partner or Pretender,1
Ethereal Afterthoughts,DirectlySamples,Hinrich Weimer,Partner or Pretender,1
Fragments of a Simple Girl,InterpolatesFrom,Joshua Herring,Partner or Pretender,1
Fragments of a Simple Girl,InterpolatesFrom,Gerald Mullins,Partner or Pretender,1
Fragments of a Simple Girl,InterpolatesFrom,Cory Wall,Partner or Pretender,1
Fragments of a Simple Girl,InterpolatesFrom,Hinrich Weimer,Partner or Pretender,1
Carols of the Silent Night,InStyleOf,Joshua Herring,Partner or Pretender,1
Carols of the Silent Night,InStyleOf,Gerald Mullins,Partner or Pretender,1
Carols of the Silent Night,InStyleOf,Cory Wall,Partner or Pretender,1
Carols of the Silent Night,InStyleOf,Hinrich Weimer,Partner or Pretender,1
Timelines Converge,LyricalReferenceTo,Joshua Herring,Partner or Pretender,1
Timelines Converge,LyricalReferenceTo,Gerald Mullins,Partner or Pretender,1
Timelines Converge,LyricalReferenceTo,Cory Wall,Partner or Pretender,1
Timelines Converge,LyricalReferenceTo,Hinrich Weimer,Partner or Pretender,1
Fair Exchange,CoverOf,Joshua Herring,Partner or Pretender,1
Fair Exchange,CoverOf,Gerald Mullins,Partner or Pretender,1
Fair Exchange,CoverOf,Cory Wall,Partner or Pretender,1
Fair Exchange,CoverOf,Hinrich Weimer,Partner or Pretender,1
"Silent Hooves, Whispering Forest",CoverOf,Joshua Herring,Partner or Pretender,1
"Silent Hooves, Whispering Forest",CoverOf,Gerald Mullins,Partner or Pretender,1
"Silent Hooves, Whispering Forest",CoverOf,Cory Wall,Partner or Pretender,1
"Silent Hooves, Whispering Forest",CoverOf,Hinrich Weimer,Partner or Pretender,1
Maria's Obeskrivna Minnen (Maria's Unwritten Memories),InStyleOf,Kimberly Snyder,Playful Improvisation,1
Maria's Obeskrivna Minnen (Maria's Unwritten Memories),InStyleOf,Gerald Mullins,Playful Improvisation,1
Maria's Obeskrivna Minnen (Maria's Unwritten Memories),InStyleOf,Kelly Stewart,Playful Improvisation,1
Maria's Obeskrivna Minnen (Maria's Unwritten Memories),InStyleOf,John Anderson,Playful Improvisation,1
Maria's Obeskrivna Minnen (Maria's Unwritten Memories),InStyleOf,Norma Huff,Playful Improvisation,1
Maria's Obeskrivna Minnen (Maria's Unwritten Memories),InStyleOf,Sonic Renegade,Playful Improvisation,1
Carols of the Silent Night,LyricalReferenceTo,Nicole Valenzuela,Verdant Silence Descends,1
Carols of the Silent Night,InStyleOf,Kimberly Snyder,Fair Exchange,1
Carols of the Silent Night,InStyleOf,Joshua Herring,Fair Exchange,1
Carols of the Silent Night,InStyleOf,Gerald Mullins,Fair Exchange,1
Carols of the Silent Night,InStyleOf,Tina Hobbs,Fair Exchange,1
Timelines Converge,CoverOf,Kimberly Snyder,Fair Exchange,1
Timelines Converge,CoverOf,Joshua Herring,Fair Exchange,1
Timelines Converge,CoverOf,Gerald Mullins,Fair Exchange,1
Timelines Converge,CoverOf,Tina Hobbs,Fair Exchange,1
Ethereal Afterthoughts,CoverOf,Kimberly Snyder,Fair Exchange,1
Ethereal Afterthoughts,CoverOf,Joshua Herring,Fair Exchange,1
Ethereal Afterthoughts,CoverOf,Gerald Mullins,Fair Exchange,1
Ethereal Afterthoughts,CoverOf,Tina Hobbs,Fair Exchange,1
Tanah Kita Bangkit,LyricalReferenceTo,Kimberly Snyder,Fair Exchange,1
Tanah Kita Bangkit,LyricalReferenceTo,Joshua Herring,Fair Exchange,1
Tanah Kita Bangkit,LyricalReferenceTo,Gerald Mullins,Fair Exchange,1
Tanah Kita Bangkit,LyricalReferenceTo,Tina Hobbs,Fair Exchange,1
Fair Exchange,InStyleOf,Paula Wilson,Umbrella Shuffle,1
Fair Exchange,InStyleOf,Steven Branch,Umbrella Shuffle,1
Fair Exchange,InStyleOf,Jennifer Mccoy,Umbrella Shuffle,1
Fair Exchange,InStyleOf,Christopher Wilson,Umbrella Shuffle,1
Fair Exchange,InStyleOf,Nicholas Lawrence,Umbrella Shuffle,1
Fair Exchange,InStyleOf,Phantom Resonance,Umbrella Shuffle,1
Tanah Kita Bangkit,LyricalReferenceTo,Joshua Herring,Warsaw Veins,1
Tanah Kita Bangkit,LyricalReferenceTo,Gerald Mullins,Warsaw Veins,1
Tanah Kita Bangkit,LyricalReferenceTo,Colleen Frank PhD,Warsaw Veins,1
Tanah Kita Bangkit,LyricalReferenceTo,Dennis Mcdowell,Warsaw Veins,1
Sovereign's Whisper,LyricalReferenceTo,Joshua Herring,Warsaw Veins,1
Sovereign's Whisper,LyricalReferenceTo,Gerald Mullins,Warsaw Veins,1
Sovereign's Whisper,LyricalReferenceTo,Colleen Frank PhD,Warsaw Veins,1
Sovereign's Whisper,LyricalReferenceTo,Dennis Mcdowell,Warsaw Veins,1
Fair Exchange,InterpolatesFrom,Joshua Herring,Warsaw Veins,1
Fair Exchange,InterpolatesFrom,Gerald Mullins,Warsaw Veins,1
Fair Exchange,InterpolatesFrom,Colleen Frank PhD,Warsaw Veins,1
Fair Exchange,InterpolatesFrom,Dennis Mcdowell,Warsaw Veins,1
Carols of the Silent Night,CoverOf,Joshua Herring,Warsaw Veins,1
Carols of the Silent Night,CoverOf,Gerald Mullins,Warsaw Veins,1
Carols of the Silent Night,CoverOf,Colleen Frank PhD,Warsaw Veins,1
Carols of the Silent Night,CoverOf,Dennis Mcdowell,Warsaw Veins,1
Shadows Between Us,InterpolatesFrom,Joshua Herring,Warsaw Veins,1
Shadows Between Us,InterpolatesFrom,Gerald Mullins,Warsaw Veins,1
Shadows Between Us,InterpolatesFrom,Colleen Frank PhD,Warsaw Veins,1
Shadows Between Us,InterpolatesFrom,Dennis Mcdowell,Warsaw Veins,1
Scarves and Streetlight Shadows,CoverOf,Joshua Herring,Warsaw Veins,1
Scarves and Streetlight Shadows,CoverOf,Gerald Mullins,Warsaw Veins,1
Scarves and Streetlight Shadows,CoverOf,Colleen Frank PhD,Warsaw Veins,1
Scarves and Streetlight Shadows,CoverOf,Dennis Mcdowell,Warsaw Veins,1
Timelines Converge,CoverOf,Joshua Herring,Warsaw Veins,1
Timelines Converge,CoverOf,Gerald Mullins,Warsaw Veins,1
Timelines Converge,CoverOf,Colleen Frank PhD,Warsaw Veins,1
Timelines Converge,CoverOf,Dennis Mcdowell,Warsaw Veins,1
Ethereal Afterthoughts,CoverOf,Joshua Herring,Warsaw Veins,1
Ethereal Afterthoughts,CoverOf,Gerald Mullins,Warsaw Veins,1
Ethereal Afterthoughts,CoverOf,Colleen Frank PhD,Warsaw Veins,1
Ethereal Afterthoughts,CoverOf,Dennis Mcdowell,Warsaw Veins,1
Carols of the Silent Night,CoverOf,Janine Berger,Loose Change Lullaby,1
Carols of the Silent Night,CoverOf,Agata Bähr-Metz,Loose Change Lullaby,1
Carols of the Silent Night,CoverOf,Gudrun Atzler,Loose Change Lullaby,1
Scarves and Streetlight Shadows,InStyleOf,Kimberly Snyder,Fragments of a Simple Girl,1
Scarves and Streetlight Shadows,InStyleOf,Kelly Stewart,Fragments of a Simple Girl,1
Scarves and Streetlight Shadows,InStyleOf,John Anderson,Fragments of a Simple Girl,1
Scarves and Streetlight Shadows,InStyleOf,Jeffrey Munoz PhD,Fragments of a Simple Girl,1
Scarves and Streetlight Shadows,InStyleOf,Thomas Salinas,Fragments of a Simple Girl,1
Scarves and Streetlight Shadows,InStyleOf,Robert Garcia,Fragments of a Simple Girl,1
Scarves and Streetlight Shadows,InStyleOf,Jillian Salazar,Fragments of a Simple Girl,1
Scarves and Streetlight Shadows,InStyleOf,Hinrich Weimer,Fragments of a Simple Girl,1
Scarves and Streetlight Shadows,InStyleOf,Luminous Fracture,Fragments of a Simple Girl,1
Timelines Converge,DirectlySamples,Kimberly Snyder,Fragments of a Simple Girl,1
Timelines Converge,DirectlySamples,Kelly Stewart,Fragments of a Simple Girl,1
Timelines Converge,DirectlySamples,John Anderson,Fragments of a Simple Girl,1
Timelines Converge,DirectlySamples,Jeffrey Munoz PhD,Fragments of a Simple Girl,1
Timelines Converge,DirectlySamples,Thomas Salinas,Fragments of a Simple Girl,1
Timelines Converge,DirectlySamples,Robert Garcia,Fragments of a Simple Girl,1
Timelines Converge,DirectlySamples,Jillian Salazar,Fragments of a Simple Girl,1
Timelines Converge,DirectlySamples,Hinrich Weimer,Fragments of a Simple Girl,1
Timelines Converge,DirectlySamples,Luminous Fracture,Fragments of a Simple Girl,1
"Silent Hooves, Whispering Forest",InStyleOf,Kimberly Snyder,Whisper My Identity,1
"Silent Hooves, Whispering Forest",InStyleOf,Gerald Mullins,Whisper My Identity,1
"Silent Hooves, Whispering Forest",InStyleOf,John Anderson,Whisper My Identity,1
"Silent Hooves, Whispering Forest",InStyleOf,Roy Tschentscher,Whisper My Identity,1
"Silent Hooves, Whispering Forest",InStyleOf,Angelina Sölzer,Whisper My Identity,1
"Silent Hooves, Whispering Forest",InStyleOf,Gregory Reeves,Whisper My Identity,1
"Silent Hooves, Whispering Forest",InStyleOf,Emily Perkins,Whisper My Identity,1
"Silent Hooves, Whispering Forest",InStyleOf,Kimberly Lee,Whisper My Identity,1
"Silent Hooves, Whispering Forest",InStyleOf,Kristina Serrano,Whisper My Identity,1
"Silent Hooves, Whispering Forest",InStyleOf,Melissa Johnson,Whisper My Identity,1
"Silent Hooves, Whispering Forest",InStyleOf,Joseph Rodriguez,Whisper My Identity,1
"Silent Hooves, Whispering Forest",InStyleOf,John Johnston,Whisper My Identity,1
"Silent Hooves, Whispering Forest",InStyleOf,Sonic Renegade,Whisper My Identity,1
Fair Exchange,InterpolatesFrom,Kimberly Snyder,Whisper My Identity,1
Fair Exchange,InterpolatesFrom,Gerald Mullins,Whisper My Identity,1
Fair Exchange,InterpolatesFrom,John Anderson,Whisper My Identity,1
Fair Exchange,InterpolatesFrom,Roy Tschentscher,Whisper My Identity,1
Fair Exchange,InterpolatesFrom,Angelina Sölzer,Whisper My Identity,1
Fair Exchange,InterpolatesFrom,Gregory Reeves,Whisper My Identity,1
Fair Exchange,InterpolatesFrom,Emily Perkins,Whisper My Identity,1
Fair Exchange,InterpolatesFrom,Kimberly Lee,Whisper My Identity,1
Fair Exchange,InterpolatesFrom,Kristina Serrano,Whisper My Identity,1
Fair Exchange,InterpolatesFrom,Melissa Johnson,Whisper My Identity,1
Fair Exchange,InterpolatesFrom,Joseph Rodriguez,Whisper My Identity,1
Fair Exchange,InterpolatesFrom,John Johnston,Whisper My Identity,1
Fair Exchange,InterpolatesFrom,Sonic Renegade,Whisper My Identity,1
Tanah Kita Bangkit,InterpolatesFrom,Kimberly Snyder,Whisper My Identity,1
Tanah Kita Bangkit,InterpolatesFrom,Gerald Mullins,Whisper My Identity,1
Tanah Kita Bangkit,InterpolatesFrom,John Anderson,Whisper My Identity,1
Tanah Kita Bangkit,InterpolatesFrom,Roy Tschentscher,Whisper My Identity,1
Tanah Kita Bangkit,InterpolatesFrom,Angelina Sölzer,Whisper My Identity,1
Tanah Kita Bangkit,InterpolatesFrom,Gregory Reeves,Whisper My Identity,1
Tanah Kita Bangkit,InterpolatesFrom,Emily Perkins,Whisper My Identity,1
Tanah Kita Bangkit,InterpolatesFrom,Kimberly Lee,Whisper My Identity,1
Tanah Kita Bangkit,InterpolatesFrom,Kristina Serrano,Whisper My Identity,1
Tanah Kita Bangkit,InterpolatesFrom,Melissa Johnson,Whisper My Identity,1
Tanah Kita Bangkit,InterpolatesFrom,Joseph Rodriguez,Whisper My Identity,1
Tanah Kita Bangkit,InterpolatesFrom,John Johnston,Whisper My Identity,1
Tanah Kita Bangkit,InterpolatesFrom,Sonic Renegade,Whisper My Identity,1
Carols of the Silent Night,InStyleOf,Kimberly Snyder,Whisper My Identity,1
Carols of the Silent Night,InStyleOf,Gerald Mullins,Whisper My Identity,1
Carols of the Silent Night,InStyleOf,John Anderson,Whisper My Identity,1
Carols of the Silent Night,InStyleOf,Roy Tschentscher,Whisper My Identity,1
Carols of the Silent Night,InStyleOf,Angelina Sölzer,Whisper My Identity,1
Carols of the Silent Night,InStyleOf,Gregory Reeves,Whisper My Identity,1
Carols of the Silent Night,InStyleOf,Emily Perkins,Whisper My Identity,1
Carols of the Silent Night,InStyleOf,Kimberly Lee,Whisper My Identity,1
Carols of the Silent Night,InStyleOf,Kristina Serrano,Whisper My Identity,1
Carols of the Silent Night,InStyleOf,Melissa Johnson,Whisper My Identity,1
Carols of the Silent Night,InStyleOf,Joseph Rodriguez,Whisper My Identity,1
Carols of the Silent Night,InStyleOf,John Johnston,Whisper My Identity,1
Carols of the Silent Night,InStyleOf,Sonic Renegade,Whisper My Identity,1
Soft Love's First Light,InStyleOf,Kimberly Snyder,Whisper My Identity,1
Soft Love's First Light,InStyleOf,Gerald Mullins,Whisper My Identity,1
Soft Love's First Light,InStyleOf,John Anderson,Whisper My Identity,1
Soft Love's First Light,InStyleOf,Roy Tschentscher,Whisper My Identity,1
Soft Love's First Light,InStyleOf,Angelina Sölzer,Whisper My Identity,1
Soft Love's First Light,InStyleOf,Gregory Reeves,Whisper My Identity,1
Soft Love's First Light,InStyleOf,Emily Perkins,Whisper My Identity,1
Soft Love's First Light,InStyleOf,Kimberly Lee,Whisper My Identity,1
Soft Love's First Light,InStyleOf,Kristina Serrano,Whisper My Identity,1
Soft Love's First Light,InStyleOf,Melissa Johnson,Whisper My Identity,1
Soft Love's First Light,InStyleOf,Joseph Rodriguez,Whisper My Identity,1
Soft Love's First Light,InStyleOf,John Johnston,Whisper My Identity,1
Soft Love's First Light,InStyleOf,Sonic Renegade,Whisper My Identity,1
Timelines Converge,InterpolatesFrom,Kimberly Snyder,Whisper My Identity,1
Timelines Converge,InterpolatesFrom,Gerald Mullins,Whisper My Identity,1
Timelines Converge,InterpolatesFrom,John Anderson,Whisper My Identity,1
Timelines Converge,InterpolatesFrom,Roy Tschentscher,Whisper My Identity,1
Timelines Converge,InterpolatesFrom,Angelina Sölzer,Whisper My Identity,1
Timelines Converge,InterpolatesFrom,Gregory Reeves,Whisper My Identity,1
Timelines Converge,InterpolatesFrom,Emily Perkins,Whisper My Identity,1
Timelines Converge,InterpolatesFrom,Kimberly Lee,Whisper My Identity,1
Timelines Converge,InterpolatesFrom,Kristina Serrano,Whisper My Identity,1
Timelines Converge,InterpolatesFrom,Melissa Johnson,Whisper My Identity,1
Timelines Converge,InterpolatesFrom,Joseph Rodriguez,Whisper My Identity,1
Timelines Converge,InterpolatesFrom,John Johnston,Whisper My Identity,1
Timelines Converge,InterpolatesFrom,Sonic Renegade,Whisper My Identity,1
"Silent Hooves, Whispering Forest",InStyleOf,Xavier Leclerc,Melodic Exposition,1
"Silent Hooves, Whispering Forest",InStyleOf,Rodney Hayes,Melodic Exposition,1
"Silent Hooves, Whispering Forest",InStyleOf,Janet Aguilar,Melodic Exposition,1
Tanah Kita Bangkit,InterpolatesFrom,Imelda Zaguri,Beyond Moderation,1
Tanah Kita Bangkit,InterpolatesFrom,Nanni Telesio,Beyond Moderation,1
Tanah Kita Bangkit,InterpolatesFrom,Annetta Passalacqua,Beyond Moderation,1
Soft Love's First Light,DirectlySamples,Rachel Jackson,Peaks of Passion,1
Soft Love's First Light,DirectlySamples,Denise White,Peaks of Passion,1
Soft Love's First Light,DirectlySamples,Roy Tschentscher,Peaks of Passion,1
Soft Love's First Light,DirectlySamples,Karl-August Beyer,Peaks of Passion,1
Soft Love's First Light,DirectlySamples,Kristina Romero,Peaks of Passion,1
Soft Love's First Light,DirectlySamples,Amanda Tucker,Peaks of Passion,1
Soft Love's First Light,DirectlySamples,Aleksandar Kohl,Peaks of Passion,1
Soft Love's First Light,DirectlySamples,Liquid Vortex,Peaks of Passion,1
Soft Love's First Light,DirectlySamples,Twilight Riders,Peaks of Passion,1
"Silent Hooves, Whispering Forest",InterpolatesFrom,Rachel Jackson,Peaks of Passion,1
"Silent Hooves, Whispering Forest",InterpolatesFrom,Denise White,Peaks of Passion,1
"Silent Hooves, Whispering Forest",InterpolatesFrom,Roy Tschentscher,Peaks of Passion,1
"Silent Hooves, Whispering Forest",InterpolatesFrom,Karl-August Beyer,Peaks of Passion,1
"Silent Hooves, Whispering Forest",InterpolatesFrom,Kristina Romero,Peaks of Passion,1
"Silent Hooves, Whispering Forest",InterpolatesFrom,Amanda Tucker,Peaks of Passion,1
"Silent Hooves, Whispering Forest",InterpolatesFrom,Aleksandar Kohl,Peaks of Passion,1
"Silent Hooves, Whispering Forest",InterpolatesFrom,Liquid Vortex,Peaks of Passion,1
"Silent Hooves, Whispering Forest",InterpolatesFrom,Twilight Riders,Peaks of Passion,1
Ethereal Afterthoughts,DirectlySamples,Kimberly Snyder,Counterpoint in Twilight,1
Ethereal Afterthoughts,DirectlySamples,Dennis Mcdowell,Counterpoint in Twilight,1
Ethereal Afterthoughts,DirectlySamples,Brandi Sutton,Counterpoint in Twilight,1
Stones of the Holy City,InStyleOf,Kimberly Snyder,Counterpoint in Twilight,1
Stones of the Holy City,InStyleOf,Dennis Mcdowell,Counterpoint in Twilight,1
Stones of the Holy City,InStyleOf,Brandi Sutton,Counterpoint in Twilight,1
"Silent Hooves, Whispering Forest",CoverOf,Violet Engines,Highway Lights,1
Radiant Silhouette,CoverOf,Crimson Carriage,The Road Calls Again,1
Radiant Silhouette,LyricalReferenceTo,The Hollow Monarchs,Farewell to the Fading Sun,1
Scarves and Streetlight Shadows,CoverOf,Claire Holmes,"The City Never Sleeps, But We Do",1
